2025-08-18T22:40:45.987028,Jon Doe,jon@doe.com
2025-08-18T22:55:04.695571,Jon Doe,jon@doe.com
2025-08-18T22:55:53.392383,Jon Doe,jon@doe.com
2025-08-18T23:00:53.337633,Jon Doe,jon@doe.com
2025-08-18T23:02:12.677432,ALISTER,Cook
2025-08-18T23:03:12.234402,Dominic,Russell
2025-08-18T23:08:10.075050,Jon Doe,jon@doe.com
2025-08-18T23:10:39.973457,Amy ,Goodman
2025-08-19T00:52:02.871402,Jon Doe,jon@doe.com
2025-08-19T01:46:41.977893,Jon Doe,jon@doe.com
2025-08-19T01:47:47.557563,Jon Doe,jon@doe.com
2025-08-19T03:20:30.451684,Jon Doe,jon@doe.com
2025-08-19T03:30:33.762815,Jon Doe,jon@doe.com
2025-08-19T03:34:38.958332,Jon Doe,jon@doe.com
2025-08-19T03:35:58.943097,Jon Doe,jon@doe.com
2025-08-19T13:22:27.669301,Jon Doe,jon@doe.com
2025-08-19T13:22:40.273789,Jon Doe,jon@doe.com
2025-08-19T13:37:31.225406,Jon Doe,jon@doe.com
2025-08-19T13:37:43.337967,Jon Doe,jon@doe.com
